{"great": [0.5682557965917353, 0.17693766992299967, 0.18993643512543731, -0.27809140820479755, -0.8753156815199822, -0.14616440151329257, 0.23939092249734442, -0.3107029172057921, 0.6199832095634384, 0.1661798446200222], "cool": [0.5641256072125872, 0.13722982658305438, 0.2082364803517175, -0.29296957234563636, -0.8704480862547579, -0.1882296279977101, 0.24239616047158674, -0.2941009195992252, 0.6979644655991715, 0.21475297647656114], "brilliant": [0.5918855018013451, 0.10397786927770178, 0.18125409832798156, -0.3249417806914037, -0.8565376508947542, -0.17966721391513174, 0.2603509816471901, -0.3289324465724494, 0.6604228461904654, 0.24158225625024793], "wonderful": [0.5336813277875315, 0.15884523607312176, 0.2651843805368252, -0.34389277627100584, -0.8491692008120084, -0.18613217422541947, 0.2672408530040502, -0.31809103059724786, 0.6581041757437851, 0.20044434983351092], "well": [0.5893339401809651, 0.1731181320118495, 0.26909656417479727, -0.3074019009829283, -0.8500390052604687, -0.18871896996247892, 0.27101121903362435, -0.3002421502644922, 0.5689872204434447, 0.15369399612858053], "amazing": [0.5902038867844644, 0.14902291975965976, 0.21315969705653706, -0.31422646036679047, -0.9096476218964346, -0.1747190782083154, 0.27440977619393614, -0.28780096142476297, 0.6262885326051715, 0.2147417297271471], "worth": [0.5130535106477782, 0.12034173054704307, 0.1958738363180417, -0.3164369139624042, -0.8606295772705053, -0.15101162886733976, 0.22113241716100854, -0.2697235895062945, 0.6690196658223426, 0.1603607818616152], "sweet": [0.5503643010832924, 0.17143189756236135, 0.19039362530118084, -0.32242095517316005, -0.8138360944646923, -0.18346270853248325, 0.23271938859805766, -0.2626053000415243, 0.6257203568118471, 0.2487194300767544], "enjoyable": [0.5738392051934847, 0.12461914284456152, 0.17510717277873986, -0.330246052801636, -0.7874929465033421, -0.17067349112504737, 0.24587717337924977, -0.28375949976958237, 0.6546620471931934, 0.23489164232336912], "boring": [0.5240450095785573, 0.15703282247734587, 0.18486578812352447, -0.29901300482242454, -0.8831747584261087, -0.18115865274114748, 0.222359102780438, -0.31756882268031417, 0.598803443402802, 0.17092555144264815], "bad": [0.5360316771649711, 0.08934057914047375, 0.22010265910609386, -0.30958468615269724, -0.880954886853036, -0.14538972298245986, 0.21710437130796884, -0.23807251098545695, 0.6330703998035982, 0.2436985722829325], "dumb": [0.5707119169157071, 0.13801450767761775, 0.26418549718718837, -0.27134928168538636, -0.8090819545573588, -0.11288020342381058, 0.2872690197930901, -0.32041956749087297, 0.6057968690648794, 0.17957977344555875], "annoying": [0.5804388073936804, 0.10213080454123973, 0.17510467165233629, -0.3301742006378939, -0.8168968873432683, -0.20307898062832574, 0.21580541902126024, -0.2610116632102946, 0.6339996308459204, 0.20636140785935567], "female": [0.6029723815239837, 0.16789318536724743, 0.22520087305967562, -0.28873306487925615, -0.914615719505456, -0.22069970363834449, 0.2238454978107194, -0.2716921472488911, 0.6634932978039562, 0.23203231101065186], "male": [0.6188443180311551, 0.17591224836567165, 0.22018040161594699, -0.3645633008007948, -0.946185436990679, -0.1332260465791465, 0.2991505531133827, -0.3486196050483816, 0.7441098161765463, 0.19775997097206288], "queen": [0.576589464715478, 0.13192743667861662, 0.2580232704526746, -0.32980320826986503, -0.8289942700272945, -0.19274329913687593, 0.2370984325616217, -0.24203150503481513, 0.5713084097409642, 0.14298922537605843], "king": [0.5560732564209728, 0.17646154128213573, 0.2831234234495478, -0.3367128855390604, -0.9461014688342688, -0.12648395065859475, 0.30612181315592174, -0.3318819712244176, 0.6792991341085514, 0.19131773485838033], "man": [0.6051631423709495, 0.17830144563644157, 0.2278462192328592, -0.29611789220195284, -0.9034636471542415, -0.14556650433904583, 0.20202598684749798, -0.26372853542419133, 0.6768741056545702, 0.21429225917611766], "woman": [0.5439297636260638, 0.10716810158149424, 0.19338139148668104, -0.3063888846272401, -0.9005115497465597, -0.19854245727352382, 0.28882419764825334, -0.3169369428802769, 0.6655769452543199, 0.24864052935984077], "rain": [0.6298504912050583, 0.12301635380852782, 0.22052743188216314, -0.3041738805628178, -0.8506257387146209, -0.17339694916358048, 0.22410525920744062, -0.34460525006932236, 0.7252580609208235, 0.24246844659325673], "snow": [0.571658674146897, 0.1671575262055328, 0.2811586315804149, -0.29761757148365736, -0.9075508328669516, -0.18167262677197626, 0.23397083517042508, -0.2998148033711088, 0.7592476519212543, 0.2640055409419275], "hail": [0.42533821691139195, 0.1380455378374832, 0.21177430565076086, -0.195198078379709, -0.6816567081869009, -0.10307706377540067, 0.150719901731784, -0.21654019661044369, 0.5309049787787798, 0.1165936062687913], "coffee": [0.5362156564666706, 0.18498536534428106, 0.24044513781837562, -0.25154795848531813, -0.758515627560334, -0.14980862202505735, 0.25257229022500965, -0.2426775308331782, 0.6620631212565935, 0.22504608361898634], "tea": [0.5401340524210243, 0.17011330010004375, 0.167389541887491, -0.3114928291060685, -0.7716667733777048, -0.17544733406998533, 0.2649609258706589, -0.25197352059897304, 0.6384983316665088, 0.20143552944512613]}